Common names,SuperClass,Class,Family,PDB ID,TAPscan 4 Family,,,
"ARID/HMG,ARID/Bright",Helix-turn-helix domains,ARID,,1KQQ,ARID,HMG,,
"E2F, E2F-DP, E2F/DP",Helix-turn-helix domains,Fork head / winged helix factors,E2F,2C6Y,E2F/DP,,,
HSF,Helix-turn-helix domains,Heat shock factors,HSF,5D8K,HSF,,,
HD-DTT,Helix-turn-helix domains,Homeo domain factors,DDT,NA,DDT,,,
HD-Zip,Helix-turn-helix domains,Homeo domain factors,HD-ZIP,NA,HDZ,,,
LD,Helix-turn-helix domains,Homeo domain factors,LD,NA,HD-LD,,,
HD_PHD,Helix-turn-helix domains,Homeo domain factors,PHD,NA,HD_PHD,,,
HD_PINTOX,Helix-turn-helix domains,Homeo domain factors,PINTOX,NA,HD_PINTOX,,,
HD_PLINC,Helix-turn-helix domains,Homeo domain factors,PLINC,NA,HD_PLINC,,,
HD SAWADEE,Helix-turn-helix domains,Homeo domain factors,SAWADEE,NA,HD-SAWADEE,,,
"HD TALE, HD_BEL,HD_KNOX",Helix-turn-helix domains,Homeo domain factors,TALE-type HD,NA,HD_TALE,HD_TALE_BEL,HD_TALE_KNOX1,HD_TALE_KNOX2
HD_WOX,Helix-turn-helix domains,Homeo domain factors,WOX,6RYI,HD_WOX,,,
"LEAFY, LFY",Helix-turn-helix domains,LEAFY,,2VY1,LFY,,,
"RWP-RK, NIN like,AtRKD, RWPRK",Helix-turn-helix domains,RWP-RK,,AF2 model,RWP-RK,,,
"GARP, ARR-related,ARR-B, G2like, G2-like",Helix-turn-helix domains,Tryptophan cluster factors,GARP_ARR-B,Not shown,GARP_ARR-B,,,
"GARP, ARR-related,ARR-B, G2like, G2-like",Helix-turn-helix domains,Tryptophan cluster factors,GARP_G2-like,5LXU,GARP_G2-like,,,
MYB,Helix-turn-helix domains,Tryptophan cluster factors,MYB,6KKS,MYB,MYB:MYB-2R,MYB:MYB-3R,MYB:MYB-4R
"MYB, MYB-related",Helix-turn-helix domains,Tryptophan cluster factors,MYB-related,NA,MYB-related,MYB:MYB-related,MYB,(bunch more with MYB prefix)
"GeBP, Storekeeper",Helix-turn-helix domains,Tryptophan cluster factors,Storekeeper,AF2model,GeBP,,,
Trihelix,Helix-turn-helix domains,Tryptophan cluster factors,Trihelix,2JMW,Trihelix,,,
AP2,Beta-hairpin exposed by an alpha/beta-scaffold,AP2/EREBP,AP2,7ET4,AP2,,,
"AP2, EREBP, ERF",Beta-hairpin exposed by an alpha/beta-scaffold,AP2/EREBP,ERF/DREB,5WX9,AP2,,,
"CAMTA, CAMTA-like",Beta-hairpin exposed by an alpha/beta-scaffold,GCM domain factors,CAMTA,AF2 model,CAMTA,,,
"FAR1, FHY3",Beta-hairpin exposed by an alpha/beta-scaffold,GCM domain factors,FRS/FRF,AF2 model,absent from TAPScan,,,
"NAC, NAC/NAM",Beta-hairpin exposed by an alpha/beta-scaffold,GCM domain factors,NAC,3SWP,NAC,,,
VOZ,Beta-hairpin exposed by an alpha/beta-scaffold,GCM domain factors,VOZ,AF2 model,VOZ,,,
WRKY,Beta-hairpin exposed by an alpha/beta-scaffold,GCM domain factors,WRKY,2LEX,WRKY,,,
EIL,Other all-alpha-helical DNA-binding domains,EIL,,4ZDS,EIL,,,
"CONSTANS,CO",Other all-alpha-helical DNA-binding domains,Heteromeric CCAAT-binding factors,CONSTANS,7CVQ,C2C2_CO-like,,,
"CCAAT, HAP3, NF-YB",Other all-alpha-helical DNA-binding domains,Heteromeric CCAAT-binding factors,NF-YA,6R2V,NFY:NF-YB,NFY:NF-YA,,
"YABBY, C2C2-YABBY, C2C2_YABBY",Other all-alpha-helical DNA-binding domains,High-mobility group (HMG) domain factors,YABBY,AF2 model,C2C2_YABBY,,,
"A.T hook, AT hook",Beta-sheet binding to DNA,A.T hook factors,AHL,NA,DUF296 domain containing,,,
HMGA,Beta-sheet binding to DNA,A.T hook factors,HMGA,3UXW,absent from TAPScan,,,
"TCP, bHLH_TCP",Beta-sheet binding to DNA,TCP,TCP,7VP2,bHLH:bHLH_TCP,,,
"C2H2, C2H2 ZF",Zinc-coordinating DNA-binding domains,C2H2 zinc finger factors,C2H2,1A1F,C2H2,,,
IDD,Zinc-coordinating DNA-binding domains,C2H2 zinc finger factors,IDD,NA,C2H2:C2H2_IDD,,,
GRF,Zinc-coordinating DNA-binding domains,C3H zinc finger factors,GRF,AF2 model,GRF,,,
"SBP, SBP-type zinc finger",Zinc-coordinating DNA-binding domains,"C3H(C),C2HC zinc fingers-like factors",SBP,1UL5,SBP,,,
ALOG,Zinc-coordinating DNA-binding domains,HC3 zinc ribbon factors,ALOG,NA,ALOG,,,
"GATA, Tify",Zinc-coordinating DNA-binding domains,Other C4 zinc finger-type factors,C4-GATA-related,4HC7,C2C2_GATA,tify,,
"DOF, C2C2-Dof,C2C2_Dof",Zinc-coordinating DNA-binding domains,Other C4 zinc finger-type factors,DOF,NA,C2C2_Dof,,,
"AS2/LOB, LOBAS2",Zinc-coordinating DNA-binding domains,Other C4 zinc finger-type factors,LBD,5LY0,LBD,,,
ARF,Beta-barrel DNA-binding domains,B3,ARF,6YCQ,ARF,,,
"ABI3VP1, ABI3/VP1, B3",Beta-barrel DNA-binding domains,B3,LAV,6J9C,ABI3/VP1,,,
RAV,Beta-barrel DNA-binding domains,B3,RAV,7RT6,RAV members are classified as AP2 or ABI3/VP in TAPscan,,,
"BES/BZR, BES1",Basic domains,Basic helix-loop-helix factors (bHLH),BES/BZR,5ZD4,BES1,,,
bHLH,Basic domains,Basic helix-loop-helix factors (bHLH),bHLH,5GNJ,bHLH,,,
bZIP,Basic domains,Basic leucine zipper factors (bZIP),bZIP,1NWQ,bZIP,,,
"MADS type I, MADS-Box",Alpha-helices exposed by beta-structures,MADS box factors,Type I,1SRS,MADS,,,
"MADS type II, MADS-Box",Alpha-helices exposed by beta-structures,MADS box factors,Type II,1EGW,MADS,MADS_MIKC,,
"BBR/BPC, BBR-BPC",Yet undefined DNA-binding domains,BBR/BPC,,NA,BBR/BPC,,,
CPP Cysteine-rich polycomb-like protein,Yet undefined DNA-binding domains,CPP,,NA,CPP,,,
DBP,Yet undefined DNA-binding domains,DBP,,NA,DBP,,,
GRAS,Yet undefined DNA-binding domains,GRAS,,NA,GRAS,,,
PLATZ,Yet undefined DNA-binding domains,PLATZ,,NA,PLATZ,,,
"S1Fa1, S1Fa-like",Yet undefined DNA-binding domains,S1Fa-like,,NA,S1Fa-like,,,
